GEOID,BREAST_SCREEN_RATE
1400000US51810045000,69.2
1400000US51199050206,78.6
1400000US51199050500,71.4
1400000US51199050401,81.7
1400000US51199050205,81.7
1400000US51740212802,75.5
1400000US51810041002,67.4
1400000US51700030900,66.4
1400000US51700031100,72.3
1400000US51810041004,74.4
1400000US51810043800,85.0
1400000US51740213200,73.3
1400000US51810041200,79.9
1400000US51810041400,82.7
1400000US51810042600,75.6
1400000US51810046214,76.4
1400000US51810045805,78.5
1400000US51810046220,79.5
1400000US51810044004,70.1
1400000US51810042400,76.5
1400000US51740211400,69.3
1400000US51810041600,79.6
1400000US51810041801,70.3
1400000US51810046219,74.2
1400000US51810045601,76.4
1400000US51810045415,67.7
1400000US51810042000,83.5
1400000US51810042201,82.1
1400000US51810046400,73.8
1400000US51810043004,78.6
1400000US51810045427,76.1
1400000US51810045428,76.7
1400000US51810042202,78.3
1400000US51810042801,71.8
1400000US51810045421,74.8
1400000US51810045422,74.9
1400000US51810990100,50.8
1400000US51810040000,57.3
1400000US51810040200,67.4
1400000US51740211500,67.0
1400000US51740211600,70.9
1400000US51740211700,70.5
1400000US51740211800,59.7
1400000US51740212000,70.4
1400000US51740212100,67.3
1400000US51740980100,40.0
1400000US51700031200,70.5
1400000US51700031300,70.2
1400000US51700031603,73.2
1400000US51700032134,73.7
1400000US51700032227,72.5
1400000US51700032133,67.7
1400000US51700032228,70.8
1400000US51700031604,72.4
1400000US51810045426,73.5
1400000US51700031400,73.1
1400000US51700031500,75.1
1400000US51700031602,73.4
1400000US51810046016,75.0
1400000US51810046014,74.4
1400000US51810046221,71.8
1400000US51810046223,80.8
1400000US51810046222,79.0
1400000US51810046225,75.0
1400000US51810045603,74.9
1400000US51740212500,70.2
1400000US51650010312,76.7
1400000US51740210400,78.3
1400000US51740210500,65.0
1400000US51740210900,72.6
1400000US51740210300,67.7
1400000US51740212300,67.4
1400000US51740211100,72.0
1400000US51700032114,76.0
1400000US51700032117,74.9
1400000US51700032123,73.3
1400000US51710000400,73.3
1400000US51710000500,74.4
1400000US51710000600,69.8
1400000US51710000800,69.7
1400000US51710001100,67.2
1400000US51710001200,76.1
1400000US51710001400,73.4
1400000US51710001500,78.2
1400000US51710001600,75.0
1400000US51700030500,66.0
1400000US51700032212,67.9
1400000US51700032001,82.9
1400000US51700032400,75.9
1400000US51710002000,75.3
1400000US51710002100,84.4
1400000US51710002300,80.7
1400000US51710002400,81.1
1400000US51710002500,69.3
1400000US51710002700,71.8
1400000US51710001700,77.7
1400000US51710002800,80.2
1400000US51710002900,73.8
1400000US51710003000,79.9
1400000US51740213001,78.2
1400000US51710003100,69.1
1400000US51710003200,74.5
1400000US51710003400,70.5
1400000US51710003600,81.6
1400000US51710003700,73.9
1400000US51710003800,81.6
1400000US51710980100,50.8
1400000US51550021011,76.8
1400000US51550020809,73.5
1400000US51550020500,68.6
1400000US51710005901,70.9
1400000US51740213002,80.5
1400000US51740213101,66.7
1400000US51710004300,70.3
1400000US51710004001,84.9
1400000US51710004002,79.2
1400000US51710004100,57.3
1400000US51710004200,60.2
1400000US51710005902,72.6
1400000US51710005903,70.7
1400000US51710006000,75.4
1400000US51710006100,74.6
1400000US51740212600,72.3
1400000US51740212701,75.1
1400000US51740212702,76.4
1400000US51740213104,77.9
1400000US51740213103,70.6
1400000US51710006200,75.2
1400000US51710980200,50.8
1400000US51710006400,73.8
1400000US51710006602,75.3
1400000US51710006603,76.0
1400000US51710006604,69.7
1400000US51710006605,78.8
1400000US51710006606,76.6
1400000US51710006800,73.2
1400000US51710006607,74.5
1400000US51710980300,50.8
1400000US51700031800,80.3
1400000US51700032002,79.3
1400000US51800075402,76.1
1400000US51740212900,73.7
1400000US51800075401,74.5
1400000US51800075202,76.9
1400000US51199050306,78.7
1400000US51199050900,74.3
1400000US51199051100,79.1
1400000US51199051000,79.1
1400000US51740210600,76.6
1400000US51740211900,72.8
1400000US51700032006,62.6
1400000US51700031701,76.6
1400000US51800075703,78.2
1400000US51800075803,74.9
1400000US51800075701,73.1
1400000US51800075802,74.8
1400000US51800075404,79.4
1400000US51710006601,76.0
1400000US51700032130,78.8
1400000US51700032129,75.0
1400000US51550020911,70.4
1400000US51550021507,74.2
1400000US51550021506,70.6
1400000US51550021104,72.0
1400000US51550021407,76.4
1400000US51550020813,71.9
1400000US51550021603,76.3
1400000US51073100102,71.7
1400000US51073100101,74.7
1400000US51800075407,78.6
1400000US51800075105,82.0
1400000US51800075106,71.5
1400000US51800075207,80.8
1400000US51800075104,79.8
1400000US51800075208,79.4
1400000US51800075103,66.6
1400000US51800075206,72.4
1400000US51800075205,76.7
1400000US51800065301,74.8
1400000US51800065402,72.8
1400000US51800075406,76.6
1400000US51800075503,76.2
1400000US51800065401,68.6
1400000US51800065302,64.7
1400000US51800075504,72.2
1400000US51810046216,75.4
1400000US51810046217,71.5
1400000US51550021012,76.9
1400000US51550021013,77.4
1400000US51810045407,71.8
1400000US51810045408,72.5
1400000US51550020003,72.9
1400000US51810045412,82.5
1400000US51810045414,70.1
1400000US51093280200,75.4
1400000US51093280101,75.4
1400000US51093280300,74.3
1400000US51093280400,75.3
1400000US51810045420,76.8
1400000US51810045801,75.1
1400000US51810045803,75.5
1400000US51810045806,74.5
1400000US51810045807,76.1
1400000US51550021200,77.2
1400000US51550021004,75.0
1400000US51550020805,77.1
1400000US51550021009,78.4
1400000US51550020001,78.8
1400000US51550020002,69.6
1400000US51550020400,73.3
1400000US51810045808,69.1
1400000US51810045809,71.8
1400000US51810045810,62.4
1400000US51810046002,77.7
1400000US51810046006,78.0
1400000US51810046009,75.0
1400000US51810046010,75.5
1400000US51810046011,76.9
1400000US51810046013,72.2
1400000US51810046204,75.3
1400000US51810046206,77.3
1400000US51810046207,75.6
1400000US51810046211,80.8
1400000US51810046212,78.2
1400000US51810046213,72.9
1400000US51550020905,69.0
1400000US51550020808,81.2
1400000US51095080103,75.3
1400000US51095080305,75.6
1400000US51095080308,80.4
1400000US51095080104,88.0
1400000US51095080307,81.8
1400000US51095080209,83.7
1400000US51095080306,77.1
1400000US51095080208,85.1
1400000US51095080207,84.2
1400000US51095080404,82.5
1400000US51095080403,74.8
1400000US51175200401,75.7
1400000US51175200402,75.2
1400000US51810044007,75.1
1400000US51810044202,65.9
1400000US51810045606,67.3
1400000US51810044008,82.5
1400000US51810045605,76.8
1400000US51810044201,73.9
1400000US51700032128,71.0
1400000US51700032126,58.3
1400000US51700032225,66.8
1400000US51810040406,72.5
1400000US51810046020,69.2
1400000US51810046019,76.8
1400000US51810040405,67.8
1400000US51810045429,68.9
1400000US51810045431,76.0
1400000US51810045434,81.3
1400000US51810044005,72.0
1400000US51810045433,72.8
1400000US51810045432,72.6
1400000US51810046018,72.5
1400000US51810041804,78.1
1400000US51810046017,75.9
1400000US51810045430,63.9
1400000US51810044006,72.7
1400000US51810043005,87.2
1400000US51810041803,80.0
1400000US51810043006,83.5
1400000US51800075302,78.9
1400000US51800075502,77.3
1400000US51800075702,78.9
1400000US51800075601,73.2
1400000US51800075203,77.6
1400000US51800075602,78.9
1400000US51800075405,78.3
1400000US51800075801,75.0
1400000US51800075301,83.4
1400000US51199990100,50.8
1400000US51199050203,77.0
1400000US51710003300,72.9
1400000US51710002200,79.3
1400000US51710990000,50.8
1400000US51710004400,68.2
1400000US51710004500,75.4
1400000US51710004600,63.8
1400000US51710004700,70.6
1400000US51710004900,77.2
1400000US51710005000,67.4
1400000US51710005100,67.3
1400000US51710000700,74.4
1400000US51710006502,81.0
1400000US51710005500,68.3
1400000US51710005601,75.4
1400000US51710005602,69.0
1400000US51710005701,68.4
1400000US51710005800,77.2
1400000US51710002600,64.0
1400000US51710003501,68.3
1400000US51710006501,66.4
1400000US51710000300,74.8
1400000US51710000202,70.3
1400000US51710000201,68.1
1400000US51710005702,77.5
1400000US51710001300,71.4
1400000US51710004800,57.3
1400000US51710007001,64.2
1400000US51710000100,73.8
1400000US51700032124,74.0
1400000US51710006901,73.8
1400000US51710006902,76.3
1400000US51710007002,78.9
1400000US51095080402,80.8
1400000US51095080102,63.5
1400000US51095080202,80.9
1400000US51550021103,76.0
1400000US51650011001,80.2
1400000US51650010503,71.2
1400000US51650010504,71.3
1400000US51650010316,72.5
1400000US51650010315,73.9
1400000US51650011002,69.7
1400000US51700032113,74.9
1400000US51650990100,50.8
1400000US51650010314,74.9
1400000US51650010311,77.0
1400000US51199050208,71.7
1400000US51199050207,52.3
1400000US51700032132,74.7
1400000US51700032226,67.4
1400000US51700030300,69.6
1400000US51700032005,77.3
1400000US51700030100,62.9
1400000US51700030400,64.2
1400000US51700030600,63.4
1400000US51700030800,66.5
1400000US51700032007,76.9
1400000US51700032223,71.0
1400000US51650012100,78.5
1400000US51800065500,65.3
1400000US51800065100,66.7
1400000US51550020812,76.0
1400000US51181860100,73.4
1400000US51181860200,78.0
1400000US51620090100,78.4
1400000US51620090200,66.1
1400000US51093280105,73.0
1400000US51093280104,78.3
1400000US51175200100,75.1
1400000US51175200200,75.0
1400000US51175200500,74.6
1400000US51175200300,68.8
1400000US51550020700,73.9
1400000US51550020903,76.4
1400000US51550021005,71.0
1400000US51650010307,79.9
1400000US51550021101,78.8
1400000US51550020907,76.5
1400000US51550020912,74.7
1400000US51550020909,75.0
1400000US51550020908,80.2
1400000US51550021305,72.4
1400000US51550021303,73.4
1400000US51550021304,72.9
1400000US51550021406,76.8
1400000US51550021604,80.8
1400000US51550021503,80.0
1400000US51550021504,77.7
1400000US51550021505,75.5
1400000US51550021605,79.9
1400000US51550021015,79.8
1400000US51550021016,79.0
1400000US51550020814,76.3
1400000US51550020811,77.2
1400000US51550020910,67.6
1400000US51550021014,74.9
1400000US51550020810,77.3
1400000US51550021405,63.5
1400000US51550021306,74.3
1400000US51830370200,76.5
1400000US51830370300,76.9
1400000US51830370100,81.0
1400000US51550021401,75.8
1400000US51550021402,75.3
1400000US51550021403,67.6
1400000US51650010310,76.0
1400000US51650010400,72.0
1400000US51650010200,60.1
1400000US51550021602,74.1
1400000US51550021301,76.2
1400000US51650010601,63.8
1400000US51650010602,72.5
1400000US51650010701,68.1
1400000US51650010702,70.2
1400000US51650010309,70.0
1400000US51650010103,78.0
1400000US51650010502,70.7
1400000US51650010306,74.8
1400000US51650010304,75.0
1400000US51650010104,72.9
1400000US51650010800,77.0
1400000US51650010703,79.1
1400000US51650010900,75.8
1400000US51650011100,84.6
1400000US51650011200,73.6
1400000US51650011300,70.4
1400000US51650011400,71.5
1400000US51650011500,79.3
1400000US51650011600,73.9
1400000US51650011800,71.8
1400000US51093280106,74.1
1400000US51650011900,71.7
1400000US51650012000,71.8
1400000US51550020100,67.6
1400000US51550020200,71.1
1400000US51550020300,60.3
1400000US51550021010,80.0
1400000US51700032211,76.7
1400000US51550020600,75.0
1400000US51700031702,74.6
1400000US51700031901,78.5
1400000US51700031902,76.5
1400000US51700032131,77.3
1400000US51700032300,50.9
1400000US51810046015,73.4
1400000US51810045424,72.9
1400000US51810046224,74.2
1400000US51810045425,75.2
1400000US51800065200,77.9
1400000US51073100202,73.5
1400000US51073100302,74.0
1400000US51073100301,71.9
1400000US51073100201,75.5
1400000US51073100203,75.6
1400000US51073100500,75.7
1400000US51073100400,74.8
1400000US51810042802,72.2
1400000US51810043002,80.5
1400000US51810043200,62.0
1400000US51810043400,86.6
1400000US51810043600,84.8
1400000US51199050303,78.6
1400000US51199050304,79.4
1400000US51199050402,79.1
1400000US51810044401,80.5
1400000US51810044402,82.2
1400000US51810044600,80.7
1400000US51810044805,71.0
1400000US51810040403,72.4
1400000US51810040404,80.3
1400000US51810044806,69.4
1400000US51810040600,68.6
1400000US51810040801,69.8
1400000US51810040802,72.1
1400000US51810044807,70.3
1400000US51810044808,70.3
1400000US51810041003,75.4
1400000US51810045200,65.0
1400000US51810045405,71.7
1400000US51093280107,75.8
1400000US51093280108,70.0
1400000US51710000901,62.8
1400000US51710000902,58.3
1400000US51199050305,79.1
1400000US51740210200,72.7
1400000US51740212801,68.8
1400000US51735340200,76.9
1400000US51735340300,75.3
1400000US51735990100,50.8
1400000US51735340100,81.5
1400000US51095080203,82.3
1400000US51095080205,75.4
1400000US51095080304,83.8
1400000US51740212400,66.9
1400000US51550020804,77.3
